<?xml version="1.0" encoding="UTF-8"?>
<Configuration status="INFO">
	<Appenders>
		<File name="File" fileName="./logs/logfile.log" append="true">
			<PatternLayout
				pattern="%d{yyyy-MM-dd HH:mm:ss SSS} [%t] %-5level %logger{36} - %msg%n" />
		</File>
		<Console name="console" target="SYSTEM_OUT">
			<PatternLayout
				pattern="%d{yyyy-MM-dd HH:mm:ss SSS} [%t] %-5level %logger{36} - %msg%n" />
		</Console>
	</Appenders>

	<Loggers>
		<Logger name="org.springframework" level="INFO" additivity="false" />
			
		<Logger name="myspring" level="DEBUG" />

		<Root level="DEBUG">
			<AppenderRef ref="console" level="DEBUG" />
			<AppenderRef ref="File" level="DEBUG" />
		</Root>
	</Loggers>
</Configuration>